id,first_name,last_name,email
1,Anju,McCrostie,amccrostie66@company.com
2,Kass,Ballam,kballam42@livejournal.com
3,Ara,Johnson,ajohnson6@business.org
4,Neale,Uccello,nuccello34@gmail.com
5,Neale,Ballam,nballam91@enterprise.com
6,Anju,Prajapati,anjuprajapati@gmail.com
7,A,P,21001001014@dcrust.org
8,Anmol,Gupta,ag@salesforce.in
9,ex,ex,ex@company.com
10,hr,hr,hr@comapany.com
11,Jane,Johnson,jjohnson84@enterprise.com
12,Chase,Smith,csmith39@yahoo.com
13,Anmol,Doe,adoe53@company.com
14,Chase,Uccello,cuccello1@webnode.com
15,Jane,Smith,jsmith46@salesforce.in
16,Averil,Prajapati,aprajapati99@webnode.com
17,Chase,Prajapati,cprajapati24@enterprise.com
18,John,Uccello,juccello9@gmail.com
19,John,Gupta,jgupta12@enterprise.com
20,Kass,McCrostie,kmccrostie95@gmail.com
21,Chase,Ricardo,cricardo29@enterprise.com
22,Chase,Weld,cweld71@yahoo.com
23,Jane,Smith,jsmith33@enterprise.com
24,Alex,McCrostie,amccrostie47@gmail.com
25,Alex,Weld,aweld7@enterprise.com
26,Jane,Prajapati,jprajapati41@webnode.com
27,Neale,Johnson,njohnson8@salesforce.in
28,Chase,McCrostie,cmccrostie86@gmail.com
29,Alex,Ballam,aballam75@company.com
30,Jane,Johnson,jjohnson28@webnode.com
31,Chase,Ricardo,cricardo23@enterprise.com
32,Anmol,Ricardo,aricardo98@gmail.com
33,Kass,Doe,kdoe55@company.com
34,Anmol,Ricardo,aricardo56@livejournal.com
35,Kass,McCrostie,kmccrostie2@enterprise.com
36,Alex,Prajapati,aprajapati51@webnode.com
37,Neale,Uccello,nuccello96@enterprise.com
38,Kass,Prajapati,kprajapati53@gmail.com
39,Neale,Prajapati,nprajapati97@enterprise.com
40,John,Prajapati,jprajapati98@livejournal.com
41,Kass,Gupta,kgupta39@company.com
42,Chase,Prajapati,cprajapati88@livejournal.com
43,Kass,Ricardo,kricardo95@business.org
44,Chase,Smith,csmith86@gmail.com
45,Chase,Prajapati,cprajapati80@company.com
46,Neale,Uccello,nuccello76@webnode.com
47,John,Uccello,juccello74@business.org
48,Averil,Uccello,auccello65@gmail.com
49,Jane,Ballam,jballam26@salesforce.in
50,Chase,Weld,cweld49@yahoo.com
51,Anju,Ricardo,aricardo16@business.org
52,Alex,Smith,asmith45@gmail.com
53,Chase,McCrostie,cmccrostie6@enterprise.com
54,Alex,Ricardo,aricardo80@gmail.com
55,Jane,Smith,jsmith18@enterprise.com
56,Anju,Johnson,ajohnson33@webnode.com
57,John,Johnson,jjohnson72@business.org
58,John,Johnson,jjohnson75@gmail.com
59,John,Smith,jsmith73@company.com
60,Anmol,Gupta,agupta4@gmail.com
61,Anju,Prajapati,aprajapati46@company.com
62,John,Prajapati,jprajapati36@livejournal.com
63,Jane,Prajapati,jprajapati49@enterprise.com
64,Jane,Gupta,jgupta62@livejournal.com
65,Averil,McCrostie,amccrostie97@enterprise.com
66,Neale,Weld,nweld6@gmail.com
67,Anmol,Smith,asmith56@business.org
68,Neale,Prajapati,nprajapati65@livejournal.com
69,Kass,Uccello,kuccello32@enterprise.com
70,Chase,McCrostie,cmccrostie30@webnode.com
71,Alex,Gupta,agupta68@business.org
72,Neale,Gupta,ngupta80@yahoo.com
73,Ara,Ricardo,aricardo23@business.org
74,Alex,Smith,asmith4@gmail.com
75,Anmol,Gupta,agupta45@enterprise.com
76,Neale,Uccello,nuccello40@gmail.com
77,Alex,Ricardo,aricardo52@salesforce.in
78,Averil,Prajapati,aprajapati39@livejournal.com
79,Anmol,McCrostie,amccrostie86@business.org
80,Averil,Johnson,ajohnson38@livejournal.com
81,Neale,McCrostie,nmccrostie16@business.org
82,Chase,Prajapati,cprajapati63@livejournal.com
83,Averil,Ricardo,aricardo35@company.com
84,Chase,Uccello,cuccello86@gmail.com
85,Ara,Johnson,ajohnson58@business.org
86,Alex,Uccello,auccello58@webnode.com
87,Chase,Smith,csmith47@business.org
88,Anju,Weld,aweld57@livejournal.com
89,Alex,Ballam,aballam78@salesforce.in
90,Averil,Ricardo,aricardo99@webnode.com
91,Ara,McCrostie,amccrostie43@business.org
92,Averil,Weld,aweld5@webnode.com
93,Neale,Prajapati,nprajapati56@company.com
94,Chase,McCrostie,cmccrostie77@webnode.com
95,Anju,Prajapati,aprajapati23@enterprise.com
96,Chase,Doe,cdoe18@livejournal.com
97,Ara,Gupta,agupta75@business.org
98,Alex,Weld,aweld96@livejournal.com
99,Kass,McCrostie,kmccrostie16@company.com
100,Neale,Weld,nweld32@livejournal.com
101,Anju,Johnson,ajohnson31@enterprise.com
102,John,Uccello,juccello33@gmail.com
103,Jane,McCrostie,jmccrostie61@company.com
104,Jane,Doe,jdoe9@gmail.com
 