id,first_name,last_name,email
1,Oswell,Simpkiss,osimpkiss0@unesco.org
2,Madeleine,Willett,mwillett1@lulu.com
3,Obie,Vallintine,ovallintine2@hibu.com
4,Simona,Kopfer,skopfer3@imdb.com
5,Haven,Rockcliff,hrockcliff4@mozilla.com
6,Noah,Waterland,nwaterland5@examiner.com
7,Edith,Tregunna,etregunna6@rediff.com
8,Mora,Douglas,mdouglas7@cyberchimps.com
9,Alfonse,Itzkovwitch,aitzkovwitch8@freewebs.com
10,Clemmy,Girardeau,cgirardeau9@deviantart.com
11,Hewe,Rotte,hrottea@ed.gov
12,L;urette,McLachlan,lmclachlanb@seesaa.net
13,Maddie,Grigoliis,mgrigoliisc@salon.com
14,Lem,MacNeil,lmacneild@boston.com
15,Cahra,Sitwell,csitwelle@sogou.com
16,Marylee,Mowle,mmowlef@1688.com
17,Aindrea,Robelin,arobeling@sourceforge.net
18,Mikael,Aston,mastonh@redcross.org
19,Fee,Colquyte,fcolquytei@timesonline.co.uk
20,Sammy,MacCrann,smaccrannj@bravesites.com
21,Curt,Ayscough,cayscoughk@amazon.co.jp
22,Giacomo,Liggins,gligginsl@vinaora.com
23,Clea,MacCauley,cmaccauleym@shop-pro.jp
24,Murdock,Juara,mjuaran@berkeley.edu
25,Jeffrey,McSpirron,jmcspirrono@issuu.com
26,Shep,Kluss,sklussp@alexa.com
27,Anson,Seaton,aseatonq@harvard.edu
28,Arliene,Baccas,abaccasr@moonfruit.com
29,Grenville,Salaman,gsalamans@51.la
30,Kimmy,Jordon,kjordont@hubpages.com
31,Mannie,Tiller,mtilleru@intel.com
32,Svend,Dripp,sdrippv@diigo.com
33,Sandy,Jeste,sjestew@miibeian.gov.cn
34,Alanah,Rosle,aroslex@indiatimes.com
35,Tomas,Rostron,trostrony@surveymonkey.com
36,Zea,Dunsford,zdunsfordz@npr.org
37,Susannah,Mallows,smallows10@clickbank.net
38,Ashby,D'Cruze,adcruze11@liveinternet.ru
39,Gerri,Hartman,ghartman12@flickr.com
40,Keslie,Doveston,kdoveston13@skype.com
41,Tammie,Lyall,tlyall14@hibu.com
42,Wallache,Witts,wwitts15@surveymonkey.com
43,Chandler,Jacmard,cjacmard16@smugmug.com
44,Rudyard,Bortolazzi,rbortolazzi17@bing.com
45,Sadye,Jahndel,sjahndel18@ucoz.com
46,Godfree,Aspinell,gaspinell19@globo.com
47,Claudelle,McDunlevy,cmcdunlevy1a@over-blog.com
48,Eamon,Camell,ecamell1b@bbb.org
49,Roxi,Vanyutin,rvanyutin1c@joomla.org
50,Roze,Carnduff,rcarnduff1d@nsw.gov.au
51,Camille,Allington,callington1e@virginia.edu
52,Abbe,Harries,aharries1f@tinyurl.com
53,Crichton,Deeming,cdeeming1g@1688.com
54,Alanson,Garritley,agarritley1h@economist.com
55,Saundra,Badham,sbadham1i@so-net.ne.jp
56,Franky,Boam,fboam1j@census.gov
57,Dionis,Budnk,dbudnk1k@economist.com
58,Chrisy,Labusch,clabusch1l@ezinearticles.com
59,Dorian,Ensor,densor1m@exblog.jp
60,Nev,Nenci,nnenci1n@wunderground.com
61,Greggory,Mowsdill,gmowsdill1o@tinyurl.com
62,Fanya,Klesse,fklesse1p@google.com
63,Jarrett,Braunstein,jbraunstein1q@ustream.tv
64,Elka,Gascoyen,egascoyen1r@godaddy.com
65,Bert,Lochet,blochet1s@skype.com
66,Darda,MacLese,dmaclese1t@aol.com
67,Lonni,Brinicombe,lbrinicombe1u@mit.edu
68,Abby,Salthouse,asalthouse1v@photobucket.com
69,Hana,Herkess,hherkess1w@multiply.com
70,Adelaide,Giacobo,agiacobo1x@phoca.cz
71,Bard,Jephcott,bjephcott1y@unicef.org
72,Jerrine,Aindrais,jaindrais1z@wiley.com
73,Evie,Raisbeck,eraisbeck20@printfriendly.com
74,Gisela,Donohoe,gdonohoe21@1688.com
75,Filippo,Yourell,fyourell22@sbwire.com
76,Amity,Harmes,aharmes23@nydailynews.com
77,Teresina,Dobrowolny,tdobrowolny24@patch.com
78,Xymenes,Kubik,xkubik25@upenn.edu
79,Maudie,Tinton,mtinton26@bbb.org
80,Ranna,Limprecht,rlimprecht27@bravesites.com
81,Babbie,Gilardengo,bgilardengo28@sbwire.com
82,Arlin,Youngman,ayoungman29@amazon.co.jp
83,Neille,Keedwell,nkeedwell2a@reuters.com
84,Adara,Bamlet,abamlet2b@youtube.com
85,Cesare,Pickin,cpickin2c@about.com
86,Sherry,Pinkett,spinkett2d@reuters.com
87,Iain,Spearing,ispearing2e@t-online.de
88,Pierrette,Blackeby,pblackeby2f@cpanel.net
89,Boonie,Danielski,bdanielski2g@yellowbook.com
90,Mignon,Athow,mathow2h@sakura.ne.jp
91,Godard,Rozycki,grozycki2i@typepad.com
92,Rori,Kippins,rkippins2j@sohu.com
93,Town,Jancey,tjancey2k@people.com.cn
94,Guido,Voules,gvoules2l@ustream.tv
95,Shirley,Stow,sstow2m@pinterest.com
96,Kerrin,Slemming,kslemming2n@blog.com
97,Kimberli,Viger,kviger2o@google.it
98,Mariele,Terrazzo,mterrazzo2p@elegantthemes.com
99,Felike,Bugbee,fbugbee2q@paypal.com
100,Morry,Faragher,mfaragher2r@yolasite.com
101,Annmaria,Coverley,acoverley2s@globo.com
102,Aili,Rotherham,arotherham2t@wp.com
103,Reinald,Acheson,racheson2u@yandex.ru
104,Ignaz,Robard,irobard2v@godaddy.com
105,Juan,Blurton,jblurton2w@adobe.com
106,Barrie,Glasebrook,bglasebrook2x@harvard.edu
107,Gunter,Godrich,ggodrich2y@ebay.com
108,Ki,Scotchmore,kscotchmore2z@gravatar.com
109,Lyndel,Omond,lomond30@slashdot.org
110,Flory,MacAloren,fmacaloren31@wikipedia.org
111,Mahala,Rushe,mrushe32@china.com.cn
112,Kiley,Erbe,kerbe33@dmoz.org
113,Elbertine,Fearn,efearn34@timesonline.co.uk
114,Brenna,Younglove,byounglove35@exblog.jp
115,Tiffy,Spring,tspring36@netvibes.com
116,Pepillo,Kippling,pkippling37@weather.com
117,Eustacia,Thurston,ethurston38@tumblr.com
118,Graham,Beecker,gbeecker39@phpbb.com
119,Winifred,Yeardley,wyeardley3a@admin.ch
120,Lyon,Traynor,ltraynor3b@dmoz.org
121,Marketa,Sitwell,msitwell3c@tiny.cc
122,Ericka,Loines,eloines3d@marketwatch.com
123,Allyn,Chidwick,achidwick3e@g.co
124,Brendon,Cowthart,bcowthart3f@amazon.de
125,Ashton,Easterling,aeasterling3g@ibm.com
126,Eberto,Gobbett,egobbett3h@indiegogo.com
127,Brock,Winridge,bwinridge3i@uiuc.edu
128,Doug,Chill,dchill3j@loc.gov
129,Alvina,Crosfeld,acrosfeld3k@acquirethisname.com
130,Nevsa,Sebrook,nsebrook3l@cargocollective.com
131,Minnie,McGeagh,mmcgeagh3m@sohu.com
132,Jeffrey,Tills,jtills3n@amazon.com
133,Brenda,Kroll,bkroll3o@spiegel.de
134,Emmit,Mosedale,emosedale3p@over-blog.com
135,Nichole,Beaty,nbeaty3q@netscape.com
136,Sadye,Gredden,sgredden3r@webs.com
137,Kimberlyn,Crowdson,kcrowdson3s@nbcnews.com
138,Tedman,Burnapp,tburnapp3t@ifeng.com
139,Jory,LAbbet,jlabbet3u@europa.eu
140,Sayres,Dillaway,sdillaway3v@aboutads.info
141,Hedvig,Kepling,hkepling3w@google.fr
142,Sonya,Flear,sflear3x@de.vu
143,Stormie,Di Pietro,sdipietro3y@dailymotion.com
144,Trumaine,Cannicott,tcannicott3z@cmu.edu
145,Beck,Mackieson,bmackieson40@nyu.edu
146,Darrelle,Siehard,dsiehard41@meetup.com
147,Joe,Pentycost,jpentycost42@ucoz.com
148,Wheeler,Micklem,wmicklem43@over-blog.com
149,Jorie,O'Grada,jograda44@statcounter.com
150,Bill,McGorman,bmcgorman45@goo.gl
151,Burnard,Glossop,bglossop46@last.fm
152,Katusha,Jaffra,kjaffra47@sourceforge.net
153,Raychel,Iacobini,riacobini48@sciencedirect.com
154,Alidia,De Ruggero,aderuggero49@forbes.com
155,Dara,Crossthwaite,dcrossthwaite4a@plala.or.jp
156,Jacobo,Amoore,jamoore4b@yahoo.com
157,Laurie,Greensitt,lgreensitt4c@nature.com
158,Jamal,Ashborne,jashborne4d@fc2.com
159,Tessy,Blyth,tblyth4e@cdbaby.com
160,Ada,Larive,alarive4f@sina.com.cn
161,Constantine,Emeline,cemeline4g@clickbank.net
162,Patty,Jewell,pjewell4h@about.com
163,Kaleena,Gladdor,kgladdor4i@example.com
164,Theressa,Gosdin,tgosdin4j@ucoz.ru
165,Leroi,Eckhard,leckhard4k@businesswire.com
166,Yovonnda,Garwood,ygarwood4l@youku.com
167,Donn,Gilfether,dgilfether4m@photobucket.com
168,Wilek,Foxcroft,wfoxcroft4n@fastcompany.com
169,Celle,Balharry,cbalharry4o@drupal.org
170,Fidelio,Mallindine,fmallindine4p@ihg.com
171,Nani,Thyng,nthyng4q@earthlink.net
172,Maximilien,Cumesky,mcumesky4r@sbwire.com
173,Norbert,Gridon,ngridon4s@pbs.org
174,Kiah,Nafziger,knafziger4t@ftc.gov
175,Katerina,Brumhead,kbrumhead4u@domainmarket.com
176,Anette,Brash,abrash4v@google.co.uk
177,Stanly,Whyborn,swhyborn4w@thetimes.co.uk
178,Nola,Sandbatch,nsandbatch4x@google.ru
179,Aida,Abby,aabby4y@webeden.co.uk
180,Lorrin,Margerrison,lmargerrison4z@amazon.de
181,Karlene,William,kwilliam50@washington.edu
182,Livvy,Vayro,lvayro51@theatlantic.com
183,Sylvia,Meake,smeake52@craigslist.org
184,Johny,Swendell,jswendell53@about.com
185,Ulberto,Cissen,ucissen54@europa.eu
186,Ashly,Noyes,anoyes55@stumbleupon.com
187,Arel,Verbeek,averbeek56@sakura.ne.jp
188,Ronalda,Challen,rchallen57@businessweek.com
189,Cristabel,Camilio,ccamilio58@wsj.com
190,Chester,Llywarch,cllywarch59@nbcnews.com
191,Zachariah,Lapthorne,zlapthorne5a@istockphoto.com
192,Vernice,McFaul,vmcfaul5b@lulu.com
193,Olive,Nuttey,onuttey5c@ameblo.jp
194,Arlena,Toffoletto,atoffoletto5d@ovh.net
195,Jacki,Karlolak,jkarlolak5e@facebook.com
196,Nessa,Girogetti,ngirogetti5f@ucsd.edu
197,Cristin,Dicker,cdicker5g@typepad.com
198,Gay,Sextone,gsextone5h@vkontakte.ru
199,Orrin,Domeney,odomeney5i@nymag.com
200,Jeddy,Klyn,jklyn5j@virginia.edu
201,Courtnay,Staresmeare,cstaresmeare5k@gnu.org
202,Maryanne,Valentinetti,mvalentinetti5l@mlb.com
203,Maurice,Poppleston,mpoppleston5m@yellowbook.com
204,Evanne,Codman,ecodman5n@howstuffworks.com
205,Philis,Crus,pcrus5o@netvibes.com
206,Darell,Ianitti,dianitti5p@bloglovin.com
207,Franklin,McConaghy,fmcconaghy5q@nature.com
208,Erwin,Sherrard,esherrard5r@jalbum.net
209,Colas,Antoney,cantoney5s@4shared.com
210,Justina,Pietrasik,jpietrasik5t@microsoft.com
211,Toby,Bloxland,tbloxland5u@joomla.org
212,Bessie,Glasscott,bglasscott5v@tamu.edu
213,Marvin,Fernandez,mfernandez5w@fda.gov
214,Kennan,Simonaitis,ksimonaitis5x@mysql.com
215,Franz,Shotton,fshotton5y@nhs.uk
216,Jill,Barlas,jbarlas5z@rambler.ru
217,Silvain,Alvin,salvin60@g.co
218,Dionis,Bevis,dbevis61@wp.com
219,Dudley,Wicklin,dwicklin62@1und1.de
220,Larissa,Honsch,lhonsch63@ca.gov
221,Ruthanne,Goodinge,rgoodinge64@ezinearticles.com
222,Celinka,Basili,cbasili65@sohu.com
223,Bryon,Van Merwe,bvanmerwe66@ft.com
224,Abby,Robley,arobley67@eventbrite.com
225,Merralee,Gregon,mgregon68@blogspot.com
226,Beret,Colebourn,bcolebourn69@pcworld.com
227,Oralia,Halle,ohalle6a@squarespace.com
228,Merrel,Fishlee,mfishlee6b@ifeng.com
229,Adina,Heintzsch,aheintzsch6c@sphinn.com
230,Gawen,Cattroll,gcattroll6d@baidu.com
231,Gisele,Espinoy,gespinoy6e@bing.com
232,Elysee,Cheales,echeales6f@google.es
233,Leo,Search,lsearch6g@samsung.com
234,Wilmar,Anand,wanand6h@networkadvertising.org
235,Travus,Bohey,tbohey6i@friendfeed.com
236,Pedro,Heinecke,pheinecke6j@linkedin.com
237,Edin,Cristoforetti,ecristoforetti6k@nydailynews.com
238,Oliy,MacKnight,omacknight6l@mlb.com
239,Roberta,Pabst,rpabst6m@apple.com
240,Jannel,Ksandra,jksandra6n@google.de
241,Allie,Barthel,abarthel6o@123-reg.co.uk
242,Aurthur,May,amay6p@about.me
243,Gardener,Ladon,gladon6q@harvard.edu
244,Celeste,Fitzsymon,cfitzsymon6r@phoca.cz
245,Nessa,Blamires,nblamires6s@woothemes.com
246,Magda,Gudger,mgudger6t@chronoengine.com
247,Ros,Burtonshaw,rburtonshaw6u@telegraph.co.uk
248,Laurice,Mustoe,lmustoe6v@admin.ch
249,Morlee,Nequest,mnequest6w@indiatimes.com
250,Leland,Sullly,lsullly6x@de.vu
251,Mildred,McGeechan,mmcgeechan6y@bravesites.com
252,Abba,Paunsford,apaunsford6z@ovh.net
253,Byran,Canaan,bcanaan70@joomla.org
254,Scott,Mattam,smattam71@netvibes.com
255,Herbie,Birrell,hbirrell72@statcounter.com
256,Bealle,Blackett,bblackett73@skype.com
257,Gregoor,Nutkins,gnutkins74@narod.ru
258,Jethro,Dominey,jdominey75@ask.com
259,Josey,Bento,jbento76@aboutads.info
260,Devina,Churchman,dchurchman77@ifeng.com
261,Claresta,Toulson,ctoulson78@meetup.com
262,Wyn,Cator,wcator79@biglobe.ne.jp
263,Kellyann,Rizziello,krizziello7a@addtoany.com
264,Carlye,Heaysman,cheaysman7b@unblog.fr
265,Jolyn,Baumber,jbaumber7c@infoseek.co.jp
266,Tobe,Clapshaw,tclapshaw7d@paypal.com
267,Gigi,Jerratsch,gjerratsch7e@multiply.com
268,Melloney,Rudolfer,mrudolfer7f@bloomberg.com
269,Nigel,Monelle,nmonelle7g@hexun.com
270,Fiann,Kristufek,fkristufek7h@technorati.com
271,Shepherd,Goodrick,sgoodrick7i@technorati.com
272,Margaretta,De Ruggiero,mderuggiero7j@qq.com
273,Reider,Vonasek,rvonasek7k@alexa.com
274,Tibold,Ayshford,tayshford7l@google.com.au
275,Kordula,Klosser,kklosser7m@webnode.com
276,Alvera,Drawmer,adrawmer7n@ning.com
277,Barbara-anne,Owers,bowers7o@craigslist.org
278,Chad,Collinson,ccollinson7p@state.tx.us
279,Reginald,Pritty,rpritty7q@theguardian.com
280,Deeanne,Snap,dsnap7r@acquirethisname.com
281,Devi,Winslade,dwinslade7s@nhs.uk
282,Odele,Belding,obelding7t@seesaa.net
283,Marys,Stoyell,mstoyell7u@tripadvisor.com
284,Chantal,Morican,cmorican7v@hhs.gov
285,Hamel,Goodley,hgoodley7w@ning.com
286,Tanhya,Sellens,tsellens7x@nytimes.com
287,Cassondra,Aleksandrev,caleksandrev7y@shareasale.com
288,Yuri,Dzenisenka,ydzenisenka7z@spotify.com
289,Horatia,Spelsbury,hspelsbury80@salon.com
290,Tine,Colleer,tcolleer81@jugem.jp
291,Lyndel,Muzzillo,lmuzzillo82@angelfire.com
292,Kessia,Ivashkin,kivashkin83@thetimes.co.uk
293,Carmine,Woolfall,cwoolfall84@edublogs.org
294,Lance,Broadfield,lbroadfield85@washington.edu
295,Leese,Conningham,lconningham86@google.nl
296,Trish,Weildish,tweildish87@xrea.com
297,Timothy,Kapiloff,tkapiloff88@xrea.com
298,Barbra,Brasier,bbrasier89@technorati.com
299,Lem,McKintosh,lmckintosh8a@si.edu
300,Gianna,Ginman,gginman8b@globo.com
301,Liv,Milesop,lmilesop8c@blogspot.com
302,Charis,Copestick,ccopestick8d@odnoklassniki.ru
303,Hardy,Keeffe,hkeeffe8e@miitbeian.gov.cn
304,Ashby,Kempster,akempster8f@ezinearticles.com
305,Mose,Adiscot,madiscot8g@uol.com.br
306,Cosimo,Empleton,cempleton8h@blinklist.com
307,Burnaby,Ciottoi,bciottoi8i@blinklist.com
308,Leontine,Barron,lbarron8j@archive.org
309,Elset,Tester,etester8k@phpbb.com
310,Winifield,Mengue,wmengue8l@myspace.com
311,Kiley,Camerana,kcamerana8m@house.gov
312,Mariellen,Mott,mmott8n@g.co
313,Sancho,Olek,solek8o@eepurl.com
314,Hodge,Trasler,htrasler8p@cdc.gov
315,Edyth,Keaveny,ekeaveny8q@liveinternet.ru
316,Enrica,Hentzeler,ehentzeler8r@soundcloud.com
317,Channa,Mixter,cmixter8s@chron.com
318,Anet,Childers,achilders8t@princeton.edu
319,Elberta,Gurley,egurley8u@mediafire.com
320,Bethany,Peet,bpeet8v@php.net
321,Norbert,Bauduin,nbauduin8w@hibu.com
322,Payton,Findlay,pfindlay8x@tiny.cc
323,Galvin,Alessandrini,galessandrini8y@hubpages.com
324,Charis,Alyoshin,calyoshin8z@wired.com
325,Christina,Jojic,cjojic90@oracle.com
326,Rhys,Brownlie,rbrownlie91@toplist.cz
327,Joannes,Laurenty,jlaurenty92@bloglines.com
328,Sharline,Inglesfield,singlesfield93@auda.org.au
329,Keri,Tremaine,ktremaine94@sourceforge.net
330,Darius,Cargo,dcargo95@istockphoto.com
331,Blancha,Fyldes,bfyldes96@cpanel.net
332,Egon,Derdes,ederdes97@t-online.de
333,Cammie,Shivell,cshivell98@edublogs.org
334,Elmore,Woodison,ewoodison99@dell.com
335,Shalna,Abbe,sabbe9a@storify.com
336,Sterling,Garlett,sgarlett9b@spiegel.de
337,Lanie,Brigge,lbrigge9c@google.co.uk
338,Doy,Robson,drobson9d@omniture.com
339,Rosene,Hebden,rhebden9e@tuttocitta.it
340,Salome,Plascott,splascott9f@forbes.com
341,Griffie,Heinig,gheinig9g@independent.co.uk
342,Barthel,Mungin,bmungin9h@comcast.net
343,Yvonne,Dankersley,ydankersley9i@webs.com
344,Babbette,Chedzoy,bchedzoy9j@ucla.edu
345,Karena,Datte,kdatte9k@amazon.co.uk
346,Arie,Mothersole,amothersole9l@bing.com
347,Marika,Barosch,mbarosch9m@deliciousdays.com
348,Dewitt,McIlmurray,dmcilmurray9n@gravatar.com
349,Ania,Provest,aprovest9o@exblog.jp
350,Michal,Durie,mdurie9p@netlog.com
351,Tremaine,Romanelli,tromanelli9q@usatoday.com
352,Shaylah,Dyas,sdyas9r@narod.ru
353,Scotti,Minci,sminci9s@people.com.cn
354,Nil,Halgarth,nhalgarth9t@jugem.jp
355,Lynn,Hancke,lhancke9u@jalbum.net
356,Renell,Adkin,radkin9v@hc360.com
357,Nickola,Kix,nkix9w@redcross.org
358,Hurlee,Gibbard,hgibbard9x@xrea.com
359,Aldrich,Dalgetty,adalgetty9y@google.de
360,Bernarr,McIlwrath,bmcilwrath9z@ocn.ne.jp
361,Kevin,Brear,kbreara0@addthis.com
362,Alleen,Plaskitt,aplaskitta1@sogou.com
363,Marleen,Antoszewski,mantoszewskia2@admin.ch
364,Corine,Tortice,ctorticea3@cloudflare.com
365,Luther,Dudding,lduddinga4@mtv.com
366,Antoine,Pantecost,apantecosta5@squidoo.com
367,Rosy,Reaman,rreamana6@cpanel.net
368,Malva,Cicchillo,mcicchilloa7@51.la
369,Marleah,Crocumbe,mcrocumbea8@ihg.com
370,Allene,Greenhowe,agreenhowea9@issuu.com
371,Rosina,Kermannes,rkermannesaa@google.ru
372,Niel,Holberry,nholberryab@alibaba.com
373,Jennie,Perrelle,jperrelleac@youku.com
374,Leola,Gaskin,lgaskinad@elegantthemes.com
375,Archer,Smitheman,asmithemanae@webeden.co.uk
376,Felicia,Rushe,frusheaf@dyndns.org
377,Horatius,Delepine,hdelepineag@tamu.edu
378,Cally,Canete,ccaneteah@hhs.gov
379,Derward,Oldford,doldfordai@yale.edu
380,Trina,Woolacott,twoolacottaj@icq.com
381,Reynard,Gorbell,rgorbellak@rambler.ru
382,Inger,Linskill,ilinskillal@bbc.co.uk
383,Seka,Da Costa,sdacostaam@disqus.com
384,Noami,Odegaard,nodegaardan@time.com
385,Anabal,Cutchey,acutcheyao@digg.com
386,Olly,Sproule,osprouleap@google.com
387,Netti,Gisburne,ngisburneaq@slashdot.org
388,Janey,Boldecke,jboldeckear@sphinn.com
389,Evita,Tregonna,etregonnaas@usnews.com
390,Ame,Queenborough,aqueenboroughat@tinypic.com
391,Matthiew,Maddern,mmaddernau@miitbeian.gov.cn
392,James,Ocheltree,jocheltreeav@bandcamp.com
393,Ashia,Eacle,aeacleaw@ibm.com
394,Carolan,Flude,cfludeax@state.gov
395,Irv,Cheeney,icheeneyay@de.vu
396,Carmen,Doley,cdoleyaz@home.pl
397,Kiley,Grinsted,kgrinstedb0@posterous.com
398,Shelia,Paul,spaulb1@reuters.com
399,Donica,Chiles,dchilesb2@theguardian.com
400,Nicholle,Elwill,nelwillb3@artisteer.com
401,Bowie,Terrey,bterreyb4@skype.com
402,Roana,Ainslie,rainslieb5@independent.co.uk
403,Hildagarde,Bousler,hbouslerb6@cdbaby.com
404,Teodoor,Castiblanco,tcastiblancob7@163.com
405,Dalt,Pimley,dpimleyb8@nps.gov
406,Ardyth,Rumsey,arumseyb9@time.com
407,Sonnie,Spitaro,sspitaroba@nymag.com
408,Pippa,Yegorchenkov,pyegorchenkovbb@businesswire.com
409,Julina,Adrian,jadrianbc@ovh.net
410,William,Baudouin,wbaudouinbd@oracle.com
411,Alex,Tainton,ataintonbe@ycombinator.com
412,Leonard,St Ange,lstangebf@weibo.com
413,Adrea,Jenkins,ajenkinsbg@go.com
414,Marchelle,Lamberts,mlambertsbh@arizona.edu
415,Smith,Tamblingson,stamblingsonbi@google.it
416,Brody,Jerome,bjeromebj@goodreads.com
417,Mart,Strass,mstrassbk@tmall.com
418,Lamar,Marvel,lmarvelbl@aol.com
419,Sarge,Shobbrook,sshobbrookbm@g.co
420,Noelle,holmes,nholmesbn@house.gov
421,Silvana,Tilburn,stilburnbo@paginegialle.it
422,Kass,Gravett,kgravettbp@unicef.org
423,Chantal,Greetland,cgreetlandbq@istockphoto.com
424,Bernardine,Gullick,bgullickbr@jimdo.com
425,Trueman,Birchett,tbirchettbs@webmd.com
426,Ailbert,Loades,aloadesbt@businessweek.com
427,Norbert,Sarra,nsarrabu@pinterest.com
428,Federico,Pedder,fpedderbv@patch.com
429,Nicol,Tomadoni,ntomadonibw@vinaora.com
430,Auroora,Fuzzens,afuzzensbx@sourceforge.net
431,Avictor,Shout,ashoutby@feedburner.com
432,Leodora,Lerwell,llerwellbz@tuttocitta.it
433,Angele,Lowsely,alowselyc0@google.pl
434,Valenka,Senett,vsenettc1@eventbrite.com
435,Aridatha,Luckey,aluckeyc2@go.com
436,Sax,Goodayle,sgoodaylec3@homestead.com
437,Jimmie,Shier,jshierc4@addtoany.com
438,Scotty,Leupoldt,sleupoldtc5@dot.gov
439,Avery,Dennidge,adennidgec6@photobucket.com
440,Otis,McAw,omcawc7@diigo.com
441,Kettie,Erangey,kerangeyc8@seattletimes.com
442,Chas,Tippell,ctippellc9@theatlantic.com
443,Bjorn,Towler,btowlerca@java.com
444,Maxie,Nelson,mnelsoncb@yandex.ru
445,Adorne,Malia,amaliacc@tripadvisor.com
446,Michel,Moiser,mmoisercd@freewebs.com
447,Doug,Swire,dswirece@gravatar.com
448,Jannelle,Mazzey,jmazzeycf@buzzfeed.com
449,Ariana,Watchorn,awatchorncg@google.it
450,Ansell,Twigley,atwigleych@patch.com
451,Perri,Lindl,plindlci@patch.com
452,Moll,Meighan,mmeighancj@deliciousdays.com
453,Row,Batie,rbatieck@sogou.com
454,Faulkner,Danniel,fdannielcl@blogspot.com
455,Electra,Pittet,epittetcm@youtube.com
456,Colet,Diloway,cdilowaycn@illinois.edu
457,Diane-marie,Najara,dnajaraco@lycos.com
458,Palmer,April,paprilcp@examiner.com
459,Ewell,Gorghetto,egorghettocq@jugem.jp
460,Wandis,Escale,wescalecr@berkeley.edu
461,Chrotoem,Firby,cfirbycs@wiley.com
462,Cecilius,Diggles,cdigglesct@infoseek.co.jp
463,Lily,Markwell,lmarkwellcu@desdev.cn
464,Burnaby,Heine,bheinecv@free.fr
465,Clive,Bolin,cbolincw@dailymail.co.uk
466,Morgan,Catling,mcatlingcx@ted.com
467,Davis,Verna,dvernacy@studiopress.com
468,Anne,O'Shiel,aoshielcz@bloglines.com
469,Angil,Sextie,asextied0@msn.com
470,Philly,Timbrell,ptimbrelld1@mashable.com
471,Clotilda,Rushbrook,crushbrookd2@gmpg.org
472,Lanny,Gerran,lgerrand3@networksolutions.com
473,Hyacinthie,Yokley,hyokleyd4@narod.ru
474,Stephen,Yonnie,syonnied5@weibo.com
475,Jeramie,Allardyce,jallardyced6@upenn.edu
476,Lucias,Measom,lmeasomd7@youtube.com
477,Laney,Rafferty,lraffertyd8@microsoft.com
478,Markos,Stapford,mstapfordd9@va.gov
479,Sigismondo,Honeywood,shoneywoodda@jigsy.com
480,Janeta,Crutchfield,jcrutchfielddb@omniture.com
481,Mikol,Aaronsohn,maaronsohndc@hao123.com
482,Henka,Blazejewski,hblazejewskidd@hibu.com
483,Asa,Maude,amaudede@rakuten.co.jp
484,Kiley,Greatbank,kgreatbankdf@cnn.com
485,Hallie,Scampion,hscampiondg@themeforest.net
486,Pate,Thieme,pthiemedh@pbs.org
487,Hugibert,Francklyn,hfrancklyndi@reuters.com
488,Brennen,Sweeting,bsweetingdj@forbes.com
489,Thain,Zorzenoni,tzorzenonidk@google.fr
490,Emily,Iwanowicz,eiwanowiczdl@microsoft.com
491,Netty,Nabarro,nnabarrodm@businessweek.com
492,Dewie,Bridgstock,dbridgstockdn@businessinsider.com
493,Tiler,Morey,tmoreydo@wisc.edu
494,Ardath,Tawton,atawtondp@mapquest.com
495,Bebe,Jedrzejewicz,bjedrzejewiczdq@un.org
496,Vittoria,Goodnow,vgoodnowdr@nsw.gov.au
497,Lyle,Wallworth,lwallworthds@prlog.org
498,Kirsten,Bastie,kbastiedt@marriott.com
499,Nathalie,Dumberrill,ndumberrilldu@infoseek.co.jp
500,Cornela,Spykings,cspykingsdv@craigslist.org
501,Hollyanne,McGorley,hmcgorleydw@salon.com
502,Umberto,Scragg,uscraggdx@ycombinator.com
503,Brook,Cainey,bcaineydy@amazon.com
504,Lianna,Bickmore,lbickmoredz@opera.com
505,Claudetta,Peinton,cpeintone0@ning.com
506,Cobbie,Constant,cconstante1@cornell.edu
507,Robinet,Scrancher,rscranchere2@flickr.com
508,Abbie,Besantie,abesantiee3@ibm.com
509,Duane,Dunbobbin,ddunbobbine4@lulu.com
510,Giles,Jannaway,gjannawaye5@washington.edu
511,Lanna,Wallbank,lwallbanke6@cnbc.com
512,Waylon,Rushford,wrushforde7@drupal.org
513,Vallie,Druitt,vdruitte8@gmpg.org
514,Constancy,Duchant,cduchante9@taobao.com
515,Olivier,Gambie,ogambieea@examiner.com
516,Scott,Claque,sclaqueeb@goodreads.com
517,Edwin,Le Strange,elestrangeec@globo.com
518,Cob,Brummell,cbrummelled@apple.com
519,Leonore,Bonnin,lbonninee@wp.com
520,Kimberly,Kealy,kkealyef@blogtalkradio.com
521,Jemima,Peace,jpeaceeg@reference.com
522,Lloyd,Selkirk,lselkirkeh@friendfeed.com
523,Tully,Cresar,tcresarei@earthlink.net
524,Markos,Ronayne,mronayneej@prlog.org
525,Katti,Milmoe,kmilmoeek@list-manage.com
526,Pippy,Patrono,ppatronoel@skyrock.com
527,Terrence,Jennaroy,tjennaroyem@accuweather.com
528,Wallas,MacKegg,wmackeggen@meetup.com
529,Meggy,Ridgedell,mridgedelleo@tripod.com
530,Mort,Hendonson,mhendonsonep@imdb.com
531,Paddy,Dayley,pdayleyeq@jugem.jp
532,Nikolai,Passfield,npassfielder@bizjournals.com
533,Inge,Joubert,ijoubertes@tiny.cc
534,Elfreda,Defraine,edefraineet@cdc.gov
535,Lin,Jeffcoate,ljeffcoateeu@addtoany.com
536,Gabriello,Baume,gbaumeev@telegraph.co.uk
537,Celeste,Dowda,cdowdaew@bloomberg.com
538,Clifford,Lampard,clampardex@simplemachines.org
539,Jessie,Heale,jhealeey@dell.com
540,Davie,Klimontovich,dklimontovichez@arizona.edu
541,Sumner,Igglesden,sigglesdenf0@nsw.gov.au
542,Garner,Itzhak,gitzhakf1@tuttocitta.it
543,Candida,Houson,chousonf2@nhs.uk
544,Boyce,Raynham,braynhamf3@google.co.uk
545,Vivianna,Bernlin,vbernlinf4@tripod.com
546,Sophey,Gellion,sgellionf5@scribd.com
547,Gusty,Bridat,gbridatf6@ebay.co.uk
548,Berry,Auchinleck,bauchinleckf7@mysql.com
549,Guilbert,Houlison,ghoulisonf8@usda.gov
550,Crin,McGarrahan,cmcgarrahanf9@intel.com
551,Benito,Oehme,boehmefa@posterous.com
552,Joella,Glisenan,jglisenanfb@ted.com
553,Janessa,Phizackarley,jphizackarleyfc@nymag.com
554,Felike,Witchalls,fwitchallsfd@wired.com
555,Carlye,Rainsdon,crainsdonfe@cbc.ca
556,Melitta,Phythean,mphytheanff@umich.edu
557,Jany,Dantesia,jdantesiafg@paginegialle.it
558,Nada,Comizzoli,ncomizzolifh@zdnet.com
559,Ara,Tetley,atetleyfi@about.com
560,Rae,McCallion,rmccallionfj@hao123.com
561,Seumas,Falla,sfallafk@google.it
562,Vikki,Gitthouse,vgitthousefl@google.ru
563,Maxi,Mc Ilwrick,mmcilwrickfm@psu.edu
564,Jacquelynn,Lemmens,jlemmensfn@unesco.org
565,Cullen,Dudney,cdudneyfo@dailymotion.com
566,Chadwick,Borrel,cborrelfp@illinois.edu
567,Ladonna,Riggulsford,lriggulsfordfq@4shared.com
568,Audy,Crooke,acrookefr@walmart.com
569,Adelice,Acock,aacockfs@cnet.com
570,Rex,Loveland,rlovelandft@friendfeed.com
571,Gerard,Rottcher,grottcherfu@ftc.gov
572,Valentine,Scarasbrick,vscarasbrickfv@wsj.com
573,Husain,Zecchinelli,hzecchinellifw@nsw.gov.au
574,Raf,Betho,rbethofx@csmonitor.com
575,Robb,Vesco,rvescofy@stanford.edu
576,Nanci,Chattelaine,nchattelainefz@macromedia.com
577,Land,Higgen,lhiggeng0@princeton.edu
578,Dalton,Mycroft,dmycroftg1@netscape.com
579,Sybila,Coysh,scoyshg2@samsung.com
580,Cort,Leete,cleeteg3@cnbc.com
581,Eula,Bromage,ebromageg4@amazonaws.com
582,Royal,Shortell,rshortellg5@flavors.me
583,Enid,Cheesworth,echeesworthg6@goodreads.com
584,Ardith,Moubray,amoubrayg7@jugem.jp
585,Elsey,Pugh,epughg8@elpais.com
586,Currey,Woolam,cwoolamg9@tuttocitta.it
587,Marin,Newbury,mnewburyga@creativecommons.org
588,Alfie,Spofforth,aspofforthgb@unesco.org
589,Wolfgang,Quye,wquyegc@senate.gov
590,Domeniga,Younglove,dyounglovegd@nymag.com
591,Candy,Corry,ccorryge@engadget.com
592,Lianna,Plumstead,lplumsteadgf@nih.gov
593,Shellysheldon,Witten,swittengg@geocities.com
594,Simeon,De Francisci,sdefranciscigh@japanpost.jp
595,Adlai,Childs,achildsgi@nhs.uk
596,Emile,Fattorini,efattorinigj@weibo.com
597,Hercules,Gouge,hgougegk@cafepress.com
598,Matt,Dunckley,mdunckleygl@networksolutions.com
599,Yorke,Nicholl,ynichollgm@miibeian.gov.cn
600,Mohandas,Beeble,mbeeblegn@pagesperso-orange.fr
601,Walker,Ortega,wortegago@fema.gov
602,Huberto,Innes,hinnesgp@mlb.com
603,Leyla,Scotchmore,lscotchmoregq@mit.edu
604,Lara,Wison,lwisongr@histats.com
605,Albertina,Debney,adebneygs@canalblog.com
606,Happy,Christon,hchristongt@sphinn.com
607,Jorry,Nerger,jnergergu@wp.com
608,Gillian,Wheelton,gwheeltongv@wired.com
609,Dionne,Habron,dhabrongw@mozilla.com
610,Roi,Duro,rdurogx@goodreads.com
611,Alexine,Grigorushkin,agrigorushkingy@cornell.edu
612,Alis,Hancill,ahancillgz@barnesandnoble.com
613,Haily,Bigly,hbiglyh0@cisco.com
614,Nata,Buckley,nbuckleyh1@youku.com
615,Liva,Mickan,lmickanh2@boston.com
616,Alberta,Ginger,agingerh3@goo.ne.jp
617,Joanna,Olenikov,jolenikovh4@ucsd.edu
618,Philly,Ayliff,payliffh5@nymag.com
619,Audie,Duesbury,aduesburyh6@purevolume.com
620,Colin,Strothers,cstrothersh7@go.com
621,Odella,Geraghty,ogeraghtyh8@buzzfeed.com
622,Eula,Heintz,eheintzh9@mozilla.org
623,Ives,Thairs,ithairsha@ucoz.com
624,Linus,Slater,lslaterhb@marriott.com
625,Roberta,Pacher,rpacherhc@blogs.com
626,Linus,Paffley,lpaffleyhd@multiply.com
627,Calida,Bletso,cbletsohe@icio.us
628,Marjy,Addis,maddishf@who.int
629,Sukey,Lambdean,slambdeanhg@moonfruit.com
630,Caralie,Kidgell,ckidgellhh@house.gov
631,Hyacintha,Braam,hbraamhi@comcast.net
632,Sherie,Itzakson,sitzaksonhj@amazon.co.jp
633,Gram,Ivanenko,givanenkohk@feedburner.com
634,Garv,Wanley,gwanleyhl@un.org
635,Laughton,Gillogley,lgillogleyhm@tiny.cc
636,Joana,Ferraraccio,jferraracciohn@engadget.com
637,Giorgia,Shearn,gshearnho@webeden.co.uk
638,Tonie,Muggleton,tmuggletonhp@jiathis.com
639,Pammi,Bennike,pbennikehq@unicef.org
640,Joete,Bodicam,jbodicamhr@trellian.com
641,Betty,Riddett,briddetths@si.edu
642,Miles,Grasner,mgrasnerht@illinois.edu
643,Babara,Bahike,bbahikehu@aol.com
644,Gherardo,Snelle,gsnellehv@com.com
645,Lonnie,Bernardot,lbernardothw@independent.co.uk
646,Selma,Snoden,ssnodenhx@fotki.com
647,Dulcy,Greeves,dgreeveshy@fc2.com
648,Fitzgerald,Grasser,fgrasserhz@about.me
649,Cammie,Measen,cmeaseni0@army.mil
650,Stella,Pigdon,spigdoni1@typepad.com
651,Moe,Overstall,moverstalli2@cisco.com
652,Janka,Brough,jbroughi3@lulu.com
653,Flory,Kropp,fkroppi4@umn.edu
654,Isabella,Mollnar,imollnari5@cbc.ca
655,Karylin,Krebs,kkrebsi6@odnoklassniki.ru
656,Cletus,Byrch,cbyrchi7@gizmodo.com
657,Annette,Patty,apattyi8@wsj.com
658,Meridel,Rolse,mrolsei9@newsvine.com
659,Wrennie,Barham,wbarhamia@wp.com
660,Levin,Forson,lforsonib@unicef.org
661,Craig,Brookes,cbrookesic@t-online.de
662,Em,Dobrovsky,edobrovskyid@comsenz.com
663,Matthus,Jedrychowski,mjedrychowskiie@gov.uk
664,Lisha,Clewlow,lclewlowif@ustream.tv
665,Ado,Heale,ahealeig@slideshare.net
666,Deeyn,Sparling,dsparlingih@edublogs.org
667,Northrup,Howatt,nhowattii@cnbc.com
668,Thacher,Thibodeaux,tthibodeauxij@discovery.com
669,Corena,Klewi,cklewiik@telegraph.co.uk
670,Stanleigh,Almak,salmakil@yelp.com
671,Kiley,Sprott,ksprottim@chronoengine.com
672,Allissa,Leveret,aleveretin@alexa.com
673,Cherilyn,Durno,cdurnoio@indiegogo.com
674,Sigismond,Feore,sfeoreip@free.fr
675,Judon,Wyon,jwyoniq@w3.org
676,Barbette,Lockhart,blockhartir@paginegialle.it
677,Sadie,Inggall,singgallis@pagesperso-orange.fr
678,Kinsley,Akess,kakessit@ustream.tv
679,Ario,Passfield,apassfieldiu@stanford.edu
680,Paula,Mation,pmationiv@ning.com
681,Daffie,Hugk,dhugkiw@digg.com
682,Gery,Grzegorecki,ggrzegoreckiix@deviantart.com
683,Hadlee,Linzee,hlinzeeiy@phoca.cz
684,Addi,Buckthorp,abuckthorpiz@ehow.com
685,Alma,Chadwell,achadwellj0@people.com.cn
686,Claudie,Bullocke,cbullockej1@cam.ac.uk
687,Wendeline,Dongall,wdongallj2@bbb.org
688,Babara,Giacopelo,bgiacopeloj3@bbb.org
689,Philis,Skuse,pskusej4@qq.com
690,Marcus,Forsey,mforseyj5@networkadvertising.org
691,Karisa,Naile,knailej6@linkedin.com
692,Ansley,Roser,aroserj7@globo.com
693,Felike,Pinchen,fpinchenj8@bloomberg.com
694,Renae,Dulanty,rdulantyj9@google.co.jp
695,Shell,Phillis,sphillisja@blog.com
696,Claudine,Buntin,cbuntinjb@java.com
697,Witty,Corradi,wcorradijc@quantcast.com
698,Ware,De Morena,wdemorenajd@buzzfeed.com
699,Rycca,Benediktovich,rbenediktovichje@berkeley.edu
700,Dee dee,Warn,dwarnjf@aol.com
701,Glyn,Hanning,ghanningjg@bbb.org
702,Eddy,Densell,edenselljh@harvard.edu
703,Gnni,Mumm,gmummji@wsj.com
704,Gerry,Heintzsch,gheintzschjj@meetup.com
705,Dorita,Maben,dmabenjk@ifeng.com
706,Travis,Birdwistle,tbirdwistlejl@skyrock.com
707,Haskell,Astley,hastleyjm@sakura.ne.jp
708,Ailis,Castagnet,acastagnetjn@lycos.com
709,Hayes,Couper,hcouperjo@gmpg.org
710,Celinda,Vannoort,cvannoortjp@engadget.com
711,Francesco,Hallatt,fhallattjq@sina.com.cn
712,La verne,Biddulph,lbiddulphjr@hc360.com
713,Aggie,Plascott,aplascottjs@home.pl
714,Gwenny,Schimon,gschimonjt@sohu.com
715,Faye,Osgordby,fosgordbyju@who.int
716,Camey,Jordanson,cjordansonjv@xinhuanet.com
717,Lolita,Grayley,lgrayleyjw@nifty.com
718,Kath,Alflatt,kalflattjx@eventbrite.com
719,Clayson,Reimer,creimerjy@wordpress.com
720,Viv,Landreth,vlandrethjz@java.com
721,Yves,Archley,yarchleyk0@live.com
722,Korry,Wimpenny,kwimpennyk1@seattletimes.com
723,Otis,Bourton,obourtonk2@exblog.jp
724,Doralynn,Bolitho,dbolithok3@cloudflare.com
725,Saunders,Dalley,sdalleyk4@si.edu
726,Rina,Beagen,rbeagenk5@friendfeed.com
727,Ginelle,Lammerich,glammerichk6@deviantart.com
728,Vita,Crompton,vcromptonk7@uiuc.edu
729,Judd,Noyes,jnoyesk8@yahoo.co.jp
730,Marcy,McCoughan,mmccoughank9@narod.ru
731,Nadya,Melody,nmelodyka@pinterest.com
732,Farrell,Slaymaker,fslaymakerkb@seesaa.net
733,Gerrie,Drable,gdrablekc@google.cn
734,Mavis,Kinleyside,mkinleysidekd@google.pl
735,Pauletta,Deniset,pdenisetke@tinyurl.com
736,Erin,Babar,ebabarkf@cloudflare.com
737,Nickola,Kift,nkiftkg@hatena.ne.jp
738,Abby,Hairon,ahaironkh@marketwatch.com
739,Tuckie,Sausman,tsausmanki@ycombinator.com
740,Dunn,Sampson,dsampsonkj@unicef.org
741,Janeczka,Capehorn,jcapehornkk@whitehouse.gov
742,Olympe,Van Niekerk,ovanniekerkkl@oaic.gov.au
743,Lauree,Roulston,lroulstonkm@accuweather.com
744,Jillana,Brandes,jbrandeskn@cnet.com
745,Tilda,Smeeton,tsmeetonko@macromedia.com
746,Jemmy,Daud,jdaudkp@unicef.org
747,Cymbre,Wipfler,cwipflerkq@weibo.com
748,Tabby,Hinrichs,thinrichskr@howstuffworks.com
749,Rhianon,Quoit,rquoitks@archive.org
750,Aaren,Escalero,aescalerokt@google.it
751,Kenneth,Fabri,kfabriku@deviantart.com
752,Jacklin,Mosco,jmoscokv@businesswire.com
753,Kania,Summerlad,ksummerladkw@apache.org
754,Dalis,Bickerstaff,dbickerstaffkx@prlog.org
755,Carola,Blune,cbluneky@technorati.com
756,Ofelia,Attyeo,oattyeokz@discuz.net
757,Ferdinande,Tallowin,ftallowinl0@netvibes.com
758,Darya,Moncreiff,dmoncreiffl1@sciencedaily.com
759,Ron,Montel,rmontell2@redcross.org
760,Fayina,Heaven,fheavenl3@ibm.com
761,Kathleen,Vesque,kvesquel4@tripadvisor.com
762,Niel,Driussi,ndriussil5@imdb.com
763,Avigdor,Rappoport,arappoportl6@slate.com
764,Clemmy,Greenaway,cgreenawayl7@senate.gov
765,Valene,Heball,vheballl8@apache.org
766,Blondie,Gonet,bgonetl9@utexas.edu
767,Doloritas,Boag,dboagla@domainmarket.com
768,Viviana,Soldi,vsoldilb@netvibes.com
769,Amie,Lyokhin,alyokhinlc@latimes.com
770,Murielle,Cotes,mcotesld@businesswire.com
771,Nicoline,Waldocke,nwaldockele@boston.com
772,Norrie,Staines,nstaineslf@blogger.com
773,Hedvig,Kellaway,hkellawaylg@google.co.uk
774,Garrik,Breese,gbreeselh@vinaora.com
775,Pavel,Pinckstone,ppinckstoneli@smugmug.com
776,Fabe,Hallifax,fhallifaxlj@wired.com
777,Cosmo,Baitson,cbaitsonlk@mail.ru
778,Lorine,Baxandall,lbaxandallll@pbs.org
779,Serene,Grene,sgrenelm@fema.gov
780,Lari,Baunton,lbauntonln@e-recht24.de
781,Allegra,Rosenschein,arosenscheinlo@nih.gov
782,Cyndie,Chucks,cchuckslp@columbia.edu
783,Trisha,Elington,telingtonlq@walmart.com
784,Sawyere,Allkins,sallkinslr@nsw.gov.au
785,Margot,Drejer,mdrejerls@google.ru
786,Queenie,Kirman,qkirmanlt@qq.com
787,Burnaby,Ferrone,bferronelu@ft.com
788,Tyrone,Gregh,tgreghlv@irs.gov
789,Fidel,Harvie,fharvielw@w3.org
790,Glenn,Meikle,gmeiklelx@tripod.com
791,Lil,Faldoe,lfaldoely@cnet.com
792,Jo,Caron,jcaronlz@springer.com
793,Elsa,Kirkman,ekirkmanm0@simplemachines.org
794,Julieta,Nutter,jnutterm1@com.com
795,Verina,Chard,vchardm2@wisc.edu
796,Casar,Beardall,cbeardallm3@alexa.com
797,Clarine,Warrior,cwarriorm4@weibo.com
798,Lindon,Lyptratt,llyptrattm5@amazon.com
799,Stephie,Rabjohns,srabjohnsm6@sun.com
800,Romona,Matijevic,rmatijevicm7@microsoft.com
801,Josefina,Gerin,jgerinm8@163.com
802,Georgeanne,Frisdick,gfrisdickm9@g.co
803,Barrie,Klimp,bklimpma@de.vu
804,Kimberly,Tregea,ktregeamb@ibm.com
805,Xena,Scutter,xscuttermc@shutterfly.com
806,Brit,Leipoldt,bleipoldtmd@ucsd.edu
807,Brady,Dunphy,bdunphyme@army.mil
808,Monro,O'Teague,moteaguemf@earthlink.net
809,Penrod,Collymore,pcollymoremg@fotki.com
810,Willdon,Wraight,wwraightmh@blog.com
811,Devin,Leaming,dleamingmi@istockphoto.com
812,Alexandros,Yanne,ayannemj@xrea.com
813,Chelsea,Clemow,cclemowmk@comsenz.com
814,Trumann,Whyard,twhyardml@yandex.ru
815,Lona,Ridde,lriddemm@walmart.com
816,Celka,Chessell,cchessellmn@toplist.cz
817,Lukas,Attwooll,lattwoollmo@prnewswire.com
818,Laurens,Descroix,ldescroixmp@yahoo.co.jp
819,Lonnie,Harrild,lharrildmq@comcast.net
820,Brunhilda,Dowdeswell,bdowdeswellmr@dagondesign.com
821,Lisette,Blasl,lblaslms@bloglovin.com
822,Charmian,Sowley,csowleymt@istockphoto.com
823,Liesa,Furman,lfurmanmu@wp.com
824,Bartel,Bosche,bboschemv@twitter.com
825,Janna,Edie,jediemw@bizjournals.com
826,Dame,Weinham,dweinhammx@who.int
827,Cchaddie,Hartwell,chartwellmy@goo.gl
828,Karil,Bramelt,kbrameltmz@bloglovin.com
829,Nicoli,Gavriel,ngavrieln0@51.la
830,Stanwood,Carswell,scarswelln1@rediff.com
831,Gwenni,Jakoub,gjakoubn2@xing.com
832,Hamlen,O'Siaghail,hosiaghailn3@jimdo.com
833,Pierre,Berge,pbergen4@bluehost.com
834,Wernher,Cecil,wceciln5@flavors.me
835,Maren,de Villier,mdevilliern6@miitbeian.gov.cn
836,Guillemette,Bailles,gbaillesn7@china.com.cn
837,Lissie,Alexandrou,lalexandroun8@go.com
838,Claudia,Mora,cmoran9@forbes.com
839,Corrinne,Tinkham,ctinkhamna@wp.com
840,Alberto,Mongenot,amongenotnb@taobao.com
841,Halie,Taffs,htaffsnc@dedecms.com
842,Norina,Overbury,noverburynd@youtu.be
843,Coralie,Hucknall,chucknallne@harvard.edu
844,Dewain,Reckhouse,dreckhousenf@goo.ne.jp
845,Andrea,Hews,ahewsng@ning.com
846,Sisile,Pumfrey,spumfreynh@marriott.com
847,Blanche,Banford,bbanfordni@noaa.gov
848,Bambi,Cannell,bcannellnj@rambler.ru
849,Theressa,Lante,tlantenk@usa.gov
850,Ricard,Mitie,rmitienl@java.com
851,Royce,Ahrendsen,rahrendsennm@abc.net.au
852,Agustin,Whetnall,awhetnallnn@usatoday.com
853,Wren,Cowl,wcowlno@rambler.ru
854,Gilles,McCamish,gmccamishnp@chron.com
855,Merell,Rogan,mrogannq@meetup.com
856,Millicent,Wiseman,mwisemannr@guardian.co.uk
857,Sally,Pavie,spaviens@biglobe.ne.jp
858,Aluin,Roeby,aroebynt@opensource.org
859,May,Stanborough,mstanboroughnu@qq.com
860,Jerrilyn,Eyton,jeytonnv@desdev.cn
861,Cindee,Ditty,cdittynw@opensource.org
862,Caroline,Fearenside,cfearensidenx@dropbox.com
863,Eduardo,Laurance,elauranceny@hexun.com
864,Ashbey,Laba,alabanz@tumblr.com
865,Aarika,Hailey,ahaileyo0@newyorker.com
866,Chelsae,Bispham,cbisphamo1@parallels.com
867,Emilia,Uttridge,euttridgeo2@tripod.com
868,Martguerita,Willmont,mwillmonto3@jalbum.net
869,Bibbye,Riddock,briddocko4@behance.net
870,Marigold,Seemmonds,mseemmondso5@goo.ne.jp
871,Xenos,Leworthy,xleworthyo6@dagondesign.com
872,Anthia,Gage,agageo7@topsy.com
873,Tonnie,Mitchener,tmitchenero8@disqus.com
874,Reid,Burhill,rburhillo9@mashable.com
875,Nancee,Abelevitz,nabelevitzoa@netscape.com
876,Eartha,Pash,epashob@boston.com
877,Frederick,Ferraraccio,fferraracciooc@360.cn
878,Germain,Espinosa,gespinosaod@friendfeed.com
879,Rosco,Culham,rculhamoe@google.es
880,Quill,Bolmann,qbolmannof@princeton.edu
881,Chas,Crossthwaite,ccrossthwaiteog@xing.com
882,Duffy,Parris,dparrisoh@linkedin.com
883,Maddy,Meere,mmeereoi@dagondesign.com
884,Helli,McIlvaney,hmcilvaneyoj@cisco.com
885,Byran,Darlington,bdarlingtonok@weather.com
886,Ester,Boyse,eboyseol@sphinn.com
887,Killian,Goldup,kgoldupom@quantcast.com
888,Paco,Briggs,pbriggson@lycos.com
889,Seward,Cromblehome,scromblehomeoo@google.de
890,Prissie,Syder,psyderop@techcrunch.com
891,Zollie,Drought,zdroughtoq@businessinsider.com
892,Griffin,Crabtree,gcrabtreeor@businesswire.com
893,Myrtice,Linneman,mlinnemanos@home.pl
894,Arlana,Showl,ashowlot@trellian.com
895,Maynard,Bote,mboteou@liveinternet.ru
896,Mirabel,Dreelan,mdreelanov@weather.com
897,Anita,Rubery,aruberyow@google.com.hk
898,Alethea,Fulmen,afulmenox@myspace.com
899,Larry,Toplis,ltoplisoy@sina.com.cn
900,Eldredge,Ruos,eruosoz@vimeo.com
901,Cheston,Vinall,cvinallp0@list-manage.com
902,Mylo,De Nisco,mdeniscop1@abc.net.au
903,Ansel,Shuttleworth,ashuttleworthp2@mlb.com
904,Gary,Cleugher,gcleugherp3@addtoany.com
905,Pierre,Casswell,pcasswellp4@craigslist.org
906,Herta,Shackle,hshacklep5@t-online.de
907,Francklyn,Dioniso,fdionisop6@rambler.ru
908,Dorthea,Bantham,dbanthamp7@hexun.com
909,Byrom,Jost,bjostp8@nhs.uk
910,Jess,Ingham,jinghamp9@theatlantic.com
911,Lonnie,Hafford,lhaffordpa@marketwatch.com
912,Bellanca,Lydden,blyddenpb@ucoz.com
913,Oralla,Wandrey,owandreypc@fastcompany.com
914,Cort,Housego,chousegopd@tinypic.com
915,Parke,Spire,pspirepe@mit.edu
916,Dione,McKiddin,dmckiddinpf@aol.com
917,Westbrooke,Haslock,whaslockpg@amazon.co.uk
918,Samantha,Synnott,ssynnottph@sogou.com
919,Bern,Marty,bmartypi@freewebs.com
920,Brigitte,Halden,bhaldenpj@163.com
921,Andie,Gladwell,agladwellpk@washington.edu
922,Danette,Eccles,decclespl@live.com
923,Ashley,Roget,arogetpm@salon.com
924,Deana,Breadmore,dbreadmorepn@youku.com
925,Marcie,Beeckx,mbeeckxpo@php.net
926,Tanny,Bownass,tbownasspp@paypal.com
927,Aylmar,Willshaw,awillshawpq@cloudflare.com
928,Dennis,Bradie,dbradiepr@smh.com.au
929,Rochella,Larway,rlarwayps@google.com.au
930,Thornton,Sollis,tsollispt@fastcompany.com
931,Olympia,Szwandt,oszwandtpu@wired.com
932,Amalie,Petrusch,apetruschpv@earthlink.net
933,Hedwiga,Losebie,hlosebiepw@theglobeandmail.com
934,Antoinette,Simner,asimnerpx@smugmug.com
935,Deborah,Prew,dprewpy@psu.edu
936,Seth,Carthy,scarthypz@globo.com
937,Eden,Moen,emoenq0@examiner.com
938,Yvette,Guyton,yguytonq1@sphinn.com
939,Elfrida,Sivyour,esivyourq2@ustream.tv
940,Blakelee,Gorwood,bgorwoodq3@npr.org
941,Waldo,Delve,wdelveq4@china.com.cn
942,Larine,Patshull,lpatshullq5@boston.com
943,Wilfred,O' Loughran,woloughranq6@blogger.com
944,Keriann,Corwood,kcorwoodq7@nps.gov
945,Thibaut,Sighard,tsighardq8@nhs.uk
946,Angelle,Challenger,achallengerq9@youtu.be
947,Ilario,Beare,ibeareqa@ucoz.com
948,Maurits,Sneesby,msneesbyqb@wiley.com
949,Rowen,Sail,rsailqc@discuz.net
950,Jody,O'Kieran,jokieranqd@usatoday.com
951,Nealon,Jakoub,njakoubqe@guardian.co.uk
952,Rolfe,Skayman,rskaymanqf@newyorker.com
953,Lauretta,Wield,lwieldqg@deliciousdays.com
954,Nat,Blissett,nblissettqh@gravatar.com
955,Everett,Lamb,elambqi@soundcloud.com
956,Darrin,Amyes,damyesqj@patch.com
957,Carroll,Klementz,cklementzqk@skype.com
958,Magda,Wooler,mwoolerql@foxnews.com
959,Alexine,Aspinwall,aaspinwallqm@rakuten.co.jp
960,Quintin,MacIlwrick,qmacilwrickqn@netlog.com
961,Velma,Pietesch,vpieteschqo@blogs.com
962,Wiatt,Huckel,whuckelqp@nifty.com
963,Frasier,Ros,frosqq@slate.com
964,Lynea,Joder,ljoderqr@wufoo.com
965,Christina,Grigore,cgrigoreqs@soundcloud.com
966,Sonny,Fownes,sfownesqt@epa.gov
967,Lorene,Leifer,lleiferqu@51.la
968,Ellynn,Elesander,eelesanderqv@studiopress.com
969,Terri,Book,tbookqw@reference.com
970,Gertrudis,Matthis,gmatthisqx@google.ru
971,Nap,Kersaw,nkersawqy@github.io
972,Bernhard,Imlock,bimlockqz@tmall.com
973,Forest,Imlin,fimlinr0@123-reg.co.uk
974,Claudie,Chatainier,cchatainierr1@loc.gov
975,Karl,Sheron,ksheronr2@networkadvertising.org
976,Sileas,Hirsch,shirschr3@salon.com
977,Vally,Koppelmann,vkoppelmannr4@ning.com
978,Xerxes,Borres,xborresr5@discuz.net
979,Ofella,Prati,opratir6@cbc.ca
980,Louis,Jillis,ljillisr7@chicagotribune.com
981,Myca,Este,mester8@qq.com
982,Arluene,Frisch,afrischr9@wikipedia.org
983,Corny,Gorges,cgorgesra@yahoo.com
984,Ollie,Thornton,othorntonrb@tinyurl.com
985,Dionisio,Antonikov,dantonikovrc@feedburner.com
986,Callean,Antill,cantillrd@typepad.com
987,Iosep,Jumel,ijumelre@php.net
988,Goddart,Peatman,gpeatmanrf@uol.com.br
989,Sande,Lockless,slocklessrg@salon.com
990,Gradey,Hitcham,ghitchamrh@ted.com
991,Ebeneser,Honig,ehonigri@amazonaws.com
992,Romain,Breeds,rbreedsrj@un.org
993,Natala,Gaber,ngaberrk@uiuc.edu
994,Leonerd,Bruniges,lbrunigesrl@mac.com
995,Giraldo,Denington,gdeningtonrm@purevolume.com
996,Hugibert,Seagrove,hseagrovern@msn.com
997,Hendrick,Mountcastle,hmountcastlero@businessinsider.com
998,Cammi,O'Shesnan,coshesnanrp@istockphoto.com
999,Franni,Millea,fmillearq@skyrock.com
1000,Goldy,Vlahos,gvlahosrr@google.ca
 