id,first_name,last_name,email
2,Averil,McCrostie,amccrostie1@exblog.jp
3,Chase,Weld,cweld2@house.gov
4,Kass,Ricardo,kricardo3@livejournal.com
5,Neale,Uccello,nuccello4@webnode.com
6,Anju,Prajapati,anjuprajapati@gmail.com
7,A,P,21001001014@dcrust.org
8,Anmol,Gupta,ag@salesforce.in
9,ex,ex,ex@company.com

 